slice,cost_usd,tokens,turns,raw_turns,convs,managers,subagents,wall_h,active_h,projects
none,363.69,476575185,1939,4681,43,35,8,513.16,36.98,"{""worker"": 4, ""root"": 30, ""controller"": 1}"
003,283.14,354143312,2270,5588,80,11,69,159.37,28.99,"{""worker"": 1, ""contracts"": 1, ""root"": 6, ""controller"": 2, ""bot"": 1}"
052,273.04,314992057,2032,4840,57,13,44,204.59,42.06,"{""worker"": 1, ""contracts"": 2, ""root"": 6, ""controller"": 3, ""bot"": 1}"
058,183.09,245999845,1116,2951,22,6,16,184.75,15.71,"{""contracts"": 1, ""root"": 3, ""controller"": 1, ""bot"": 1}"
044,170.84,216514932,1369,3462,44,10,34,176.63,19.22,"{""worker"": 1, ""root"": 7, ""controller"": 2}"
038,162.69,172375548,1276,3375,49,15,34,53.03,30.04,"{""vscode-extension"": 1, ""worker"": 1, ""root"": 12, ""controller"": 1}"
012,154.16,177386207,1248,3175,42,11,31,15.38,17.56,"{""worker"": 1, ""contracts"": 2, ""root"": 6, ""controller"": 1, ""bot"": 1}"
073,148.82,183938306,1169,3177,35,10,25,10.14,17.94,"{""worker"": 2, ""root"": 6, ""controller"": 2}"
004,140.56,169820623,1306,3042,42,7,35,467.14,90.8,"{""worker"": 1, ""contracts"": 1, ""root"": 3, ""controller"": 1, ""bot"": 1}"
026,140.36,171707015,1255,3085,44,8,36,310.3,12.64,"{""contracts"": 1, ""root"": 5, ""controller"": 2}"
031,123.12,124464128,1088,2707,35,10,25,264.61,28.21,"{""worker"": 1, ""contracts"": 1, ""root"": 6, ""controller"": 1, ""bot"": 1}"
024,118.85,133651584,951,2371,34,8,26,176.33,20.45,"{""worker"": 2, ""contracts"": 1, ""root"": 4, ""bot"": 1}"
067,112.56,140867899,993,2637,34,10,24,9.33,17.61,"{""worker"": 5, ""root"": 5}"
061,106.86,121772390,917,2650,29,6,23,10.67,18.4,"{""worker"": 1, ""contracts"": 1, ""root"": 2, ""controller"": 1, ""bot"": 1}"
002,103.97,120451252,936,2440,36,5,31,17.78,23.63,"{""worker"": 1, ""root"": 3, ""controller"": 1}"
006,103.88,130259949,925,2137,25,6,19,18.36,21.93,"{""root"": 2, ""controller"": 3, ""bot"": 1}"
041,98.98,96822818,676,1538,16,5,11,164.86,31.16,"{""worker"": 1, ""root"": 3, ""bot"": 1}"
055,95.65,118747924,677,1743,18,5,13,72.07,8.47,"{""worker"": 1, ""contracts"": 1, ""root"": 2, ""controller"": 1}"
066,95.25,129857207,757,1957,16,4,12,8.19,11.23,"{""worker"": 2, ""root"": 2}"
005,94.32,109385993,882,2099,32,6,26,19.79,23.88,"{""worker"": 1, ""contracts"": 1, ""root"": 1, ""controller"": 2, ""bot"": 1}"
046,92.6,102590162,708,1725,27,6,21,31.28,23.79,"{""contracts"": 1, ""root"": 4, ""controller"": 1}"
023,86.23,94456955,900,2158,33,9,24,166.01,7.67,"{""root"": 6, ""controller"": 2, ""bot"": 1}"
039,83.6,111548920,790,1750,17,5,12,3.66,7.01,"{""worker"": 1, ""root"": 3, ""controller"": 1}"
049,83.15,95247676,881,2067,27,6,21,38.04,9.39,"{""worker"": 1, ""contracts"": 1, ""root"": 2, ""controller"": 1, ""bot"": 1}"
018,82.67,102377834,641,1474,22,2,20,15.04,27.3,"{""worker"": 1, ""root"": 1}"
034,79.15,91930232,695,1694,22,7,15,71.54,6.47,"{""vscode-extension"": 2, ""worker"": 1, ""root"": 4}"
069,78.61,86303738,537,1637,21,5,16,12.08,15.58,"{""root"": 3, ""controller"": 1, ""bot"": 1}"
062,78.11,94304858,531,1398,13,3,10,34.05,15.67,"{""root"": 2, ""controller"": 1}"
048,77.4,79888145,702,1944,31,8,23,235.2,8.21,"{""worker"": 1, ""contracts"": 1, ""root"": 5, ""controller"": 1}"
017,77.05,85354379,638,1564,23,5,18,34.22,13.49,"{""contracts"": 1, ""root"": 3, ""controller"": 1}"
054,76.71,93323636,599,1386,16,4,12,25.53,23.09,"{""contracts"": 1, ""root"": 2, ""controller"": 1}"
047,74.28,91546363,546,1321,12,3,9,5.08,8.12,"{""vscode-extension"": 1, ""worker"": 1, ""root"": 1}"
025,72.18,88417791,665,1644,20,7,13,12.46,14.83,"{""worker"": 2, ""root"": 4, ""bot"": 1}"
056,71.58,106058625,286,638,1,1,0,11.1,11.1,"{""root"": 1}"
030,64.27,80053208,639,1471,20,6,14,19.88,5.59,"{""contracts"": 1, ""root"": 3, ""controller"": 1, ""bot"": 1}"
007,61.37,71844270,668,1578,22,6,16,61.32,6.62,"{""contracts"": 1, ""root"": 2, ""controller"": 2, ""bot"": 1}"
057,56.94,83460316,623,1427,18,4,14,109.54,5.32,"{""worker"": 1, ""root"": 2, ""controller"": 1}"
027,53.29,56721435,528,1306,21,5,16,3.1,5.22,"{""contracts"": 1, ""root"": 2, ""controller"": 1, ""bot"": 1}"
068,48.38,54780090,434,1144,11,3,8,2.51,6.22,"{""worker"": 1, ""root"": 1, ""controller"": 1}"
059,48.08,60164867,535,1198,15,5,10,2.51,4.45,"{""vscode-extension"": 1, ""worker"": 1, ""root"": 2, ""controller"": 1}"
060,47.42,58670325,454,1218,12,4,8,2.38,4.04,"{""worker"": 1, ""contracts"": 1, ""root"": 2}"
185,45.99,59365213,240,669,5,1,4,3.58,3.77,"{""root"": 1}"
053,44.89,50424155,282,767,8,4,4,54.01,19.15,"{""root"": 4}"
015,44.11,54589881,475,1081,13,3,10,1.63,3.2,"{""worker"": 2, ""root"": 1}"
021,40.98,44175751,406,965,14,4,10,4.19,5.44,"{""contracts"": 1, ""root"": 1, ""controller"": 1, ""bot"": 1}"
051,39.94,49017077,351,833,8,3,5,2.68,3.67,"{""root"": 1, ""controller"": 1, ""bot"": 1}"
036,36.56,40871860,381,942,11,3,8,7.22,8.49,"{""root"": 2, ""controller"": 1}"
040,36.15,44859217,360,834,7,4,3,54.5,3.42,"{""worker"": 1, ""root"": 3}"
009,34.87,39898626,406,958,14,6,8,9.71,10.64,"{""worker"": 1, ""contracts"": 1, ""root"": 2, ""controller"": 2}"
001,34.43,39420356,362,834,12,4,8,97.22,9.02,"{""worker"": 1, ""root"": 3}"
045,32.57,31130505,209,539,5,4,1,207.91,13.43,"{""root"": 4}"
028,32.29,37628864,291,733,11,2,9,1.68,2.73,"{""worker"": 1, ""root"": 1}"
050,30.93,35352412,267,703,9,2,7,10.77,11.89,"{""worker"": 1, ""root"": 1}"
035,28.72,24603095,150,449,4,4,0,72.78,7.87,"{""root"": 4}"
032,24.15,24496367,198,508,8,2,6,2.65,3.41,"{""root"": 1, ""bot"": 1}"
010,23.34,21567133,307,708,13,4,9,10.08,11.14,"{""root"": 2, ""controller"": 1, ""bot"": 1}"
011,21.36,24856341,215,509,6,3,3,336.59,2.26,"{""root"": 2, ""controller"": 1}"
042,19.91,20707673,270,645,11,4,7,10.08,10.87,"{""contracts"": 1, ""root"": 1, ""controller"": 1, ""bot"": 1}"
022,14.85,15157641,231,544,10,3,7,0.9,1.61,"{""worker"": 1, ""contracts"": 1, ""root"": 1}"
008,13.96,13866318,132,331,4,2,2,12.12,2.7,"{""root"": 2}"
020,12.81,13234747,168,379,6,2,4,0.65,1.32,"{""root"": 1, ""bot"": 1}"
013,11.79,12155174,159,354,6,2,4,0.54,1.09,"{""root"": 1, ""bot"": 1}"
029,8.65,11039843,107,221,2,1,1,1.94,1.98,"{""root"": 1}"
037,8.1,6421063,96,252,5,2,3,0.31,0.61,"{""vscode-extension"": 1, ""root"": 1}"
016,5.96,6610247,69,170,2,1,1,0.83,0.89,"{""root"": 1}"
014,4.34,3247454,61,162,4,2,2,0.85,0.28,"{""worker"": 1, ""root"": 1}"
065,3.51,1889766,21,73,2,1,1,0.47,0.53,"{""root"": 1}"
064,1.33,292459,5,16,1,1,0,0.01,0.01,"{""root"": 1}"
